[
    {
        "id": "9ae3d3b408e3a80d",
        "type": "tab",
        "label": "Flow 1",
        "disabled": false,
        "info": "",
        "env": []
    },
    {
        "id": "218831a62068491c",
        "type": "mqtt-broker",
        "name": "",
        "broker": "IOT_Project_mosquitto",
        "port": "1883",
        "clientid": "",
        "autoConnect": true,
        "usetls": false,
        "protocolVersion": "4",
        "keepalive": "60",
        "cleansession": true,
        "autoUnsubscribe": true,
        "birthTopic": "",
        "birthQos": "0",
        "birthRetain": "false",
        "birthPayload": "",
        "birthMsg": {},
        "closeTopic": "",
        "closeQos": "0",
        "closeRetain": "false",
        "closePayload": "",
        "closeMsg": {},
        "willTopic": "",
        "willQos": "0",
        "willRetain": "false",
        "willPayload": "",
        "willMsg": {},
        "userProps": "",
        "sessionExpiry": ""
    },
    {
        "id": "78115b8bbbb18a1f",
        "type": "mqtt in",
        "z": "9ae3d3b408e3a80d",
        "name": "",
        "topic": "luggage/tracking",
        "qos": "2",
        "datatype": "auto-detect",
        "broker": "218831a62068491c",
        "nl": false,
        "rap": true,
        "rh": 0,
        "inputs": 0,
        "x": 240,
        "y": 200,
        "wires": [
            [
                "e238ac51b1330e52"
            ]
        ]
    },
    {
        "id": "e238ac51b1330e52",
        "type": "function",
        "z": "9ae3d3b408e3a80d",
        "name": "tracking_format_to_telegraf",
        "func": "var payload = msg.payload;\n\n// Log the incoming payload for debugging\nnode.warn(\"Incoming payload: \" + JSON.stringify(payload));\n\n// Ensure the payload has the required structure\nif (payload && payload.location && payload.size && payload.id && payload.timestamp && payload.status) {\n    // Create the new payload structure\n    msg.payload = [\n        {\n            measurement: \"luggage_tracking\",\n            fields: {\n                latitude: payload.location.latitude,\n                longitude: payload.location.longitude,\n                weight: payload.weight,\n                height: payload.size.height,\n                length: payload.size.length,\n                width: payload.size.width,\n                status: payload.status\n            },\n            tags: {\n                id: payload.id\n            },\n            timestamp: payload.timestamp * 1000000000\n        }\n    ];\n\n    // Add a message to the payload\n    msg.message = \"Luggage tracking data transformed for Telegraf\";\n\n    // Log the transformed payload for debugging\n    node.warn(\"Transformed payload: \" + JSON.stringify(msg.payload));\n} else {\n    // Log an error if the payload structure is incorrect\n    node.error(\"Invalid payload structure\", msg);\n}\n\n// Return the transformed message\nreturn msg;\n",
        "outputs": 1,
        "timeout": 0,
        "noerr": 0,
        "initialize": "",
        "finalize": "",
        "libs": [],
        "x": 540,
        "y": 200,
        "wires": [
            [
                "e9b269c6c50cab71"
            ]
        ]
    },
    {
        "id": "e9b269c6c50cab71",
        "type": "mqtt out",
        "z": "9ae3d3b408e3a80d",
        "name": "",
        "topic": "telegraf/luggage/tracking",
        "qos": "",
        "retain": "",
        "respTopic": "",
        "contentType": "",
        "userProps": "",
        "correl": "",
        "expiry": "",
        "broker": "218831a62068491c",
        "x": 790,
        "y": 200,
        "wires": []
    }
]